{"originalTimeSeries":[-176.69123322459586,-403.4836644303352,-15.504995107516802,539.6158927576384,-508.721184988749,13.908808205281353,180.26916604630347,141.97680304886154,-80.28925218111752,287.6424141160568,637.3751972000326,70.50871755209073,-443.27475723905303,-235.44583412273153,-39.31635452419478,-26.3178594014718,-10.970061815377505,119.35032522082882,328.055285440478,215.1359283468152,-45.41625303059821,-684.8232019705222,364.9736866482884,378.15612307503886,450.5201123606382,115.63634517788809,-272.8937963332314,259.3620908130867,-871.4391328540743,-680.579430884201,117.77063542409789,599.2378466641853,-910.5381582771229,227.1074599393717,-396.33741432588835,554.0518848490314,797.8515997623451,131.41349159955024,-70.84415845690998,428.5544861346572,-155.49846045769763,-717.6566685392206,115.0693555211756,640.1460536696491,-581.2937542557862,269.35901395065423,-96.32540042318712,-310.88590946371517,-224.43621201136511,129.37534335248577,586.0353863353075,-382.3610635513376,250.13162022285164,-184.66085086672643,-388.82707311984956,498.27674040061896,384.8164737834541,-364.2775333388578,-684.7399544067512,-414.144656494716,-148.52551905119842,-161.01043397936675,-530.3523841118515,67.11639734951483,-499.3656333384118,-622.7482254563396,57.43001962091927,-187.91095216556303,-1007.3080364763899,366.2489380399373,172.78485977906962,149.51154178450577,-647.9129831581583,1.2007419069510696,-554.7034078792401,-88.26904010690485,-566.4337270427566,73.98878581926017,875.5861772268054,236.0912781905913,412.48885732157714,-477.39744024226485,-375.396393957682,1.6560883665856778,96.10549108864363,-65.50932601960236,502.4463340573139,-18.65423734014898,88.04676633613371,210.60814358446532,-126.36380841449102,-993.5182182692118,476.89609355503154,484.52666645195285,361.9033189957315,708.2519104924634,-91.80751768325428,-95.44451699993652,-187.86084803588506,240.59086672744303],"combinedTimeSeries":[-176.6721100640944,-403.47906730209513,-15.50689068972379,539.6044679197113,-508.71879518167856,13.901573708342156,180.26577291797503,141.96576139642002,-80.28159642997997,287.637297055407,637.3749876740061,70.50979004434978,-443.2653597402383,-235.45420332803442,-39.31936988294086,-26.32368169040886,-10.976109846429253,119.3475195057365,328.0553536619953,215.12607040077853,-45.41819920187228,-684.8181001623041,364.9727030051279,378.1530535239926,450.5242404332345,115.6364672738277,-272.88464205244713,259.36445825766725,-871.4312449984202,-680.5677187563803,117.76688858553084,599.2285912504503,-910.5210672473451,227.11003244914593,-396.33158506603104,554.0441442502442,797.8370752928898,131.41682837688677,-70.82922794775688,428.544482481462,-155.5000173776678,-717.6453608563127,115.06925164926483,640.1404581024776,-581.2961447392377,269.35650791355596,-96.3310686160117,-310.87794863866657,-224.4236172407252,129.37009091898642,586.0293502447558,-382.36052929216123,250.1275712049045,-184.65421020981933,-388.81568856615183,498.2718345780103,384.81422409955263,-364.27640004266453,-684.734814253622,-414.14215026526233,-148.52866767986038,-160.99818561954032,-530.3386917204249,67.11170940620084,-499.35469163410943,-622.7355364397836,57.42064116462798,-187.91659008559824,-1007.2997216645024,366.2454490936337,172.79237277720262,149.50802427456324,-647.9046114859211,1.200352484104556,-554.699496321016,-88.26422509000801,-566.4273245718084,73.99361287890677,875.564366484131,236.09271213672372,412.4837556316297,-477.3874310513513,-375.37835158035614,1.6544762370291082,96.10369690446099,-65.50204198812128,502.433647431719,-18.65239870791605,88.03768479845479,210.60366239127924,-126.3605953304117,-993.5090076924498,476.8920182336286,484.52783286531127,361.9006558772174,708.2420883671828,-91.80982973610625,-95.44738928076066,-187.85595582533688,240.58881700579352]}