{"originalTimeSeries":[455.98174146304433,-932.7049178764433,1370.631652161228,733.7700167816829,-528.8780281827064,161.42929959799915,256.088282752802,933.0195133779735,1533.219078313935,-594.8577102527364,-529.4793243699737,-879.2376873416282,604.9155551530123,-12.47112631594458,794.5740696832013,-274.2878147927455,-696.2323144873585,662.8393999113437,-1393.993544317523,-950.8782220674133,-323.26935999564535,44.047806413682565,-1051.2139758168007,-966.7826838841727,-491.4144692284642,435.84986559433173,425.390737699379,420.7007660332679,-945.7263038330518,58.912372676633595,-673.1951145692085,-817.4807981016838,343.2808303897649,483.47423947340314,205.8305968220463,-301.4705666640559,270.9890050708234,512.079833328198,-246.5704344906071,314.85384311035875,626.6613416591462,-47.104669628278515,-802.4637016137056,-375.8289834900225,772.1898466581083,-1389.1614155648076,-992.8657286589133,347.81061383784555,146.8704722099859,96.57636410210748,-6.240325073137512,-235.00394163742118,-321.51811053665443,184.8247590719066,-844.6258767949166,74.63842649370278,-230.38083548120224,80.33604358146549,-1106.8341241136975,-565.4922616596328,-376.68004222326965,-111.34583189580961,-658.6658390861128,1180.7249048143162,-75.0406012848664,-255.95385082350225,1044.766444430625,-703.4637384616553,180.790123758721,-98.52209502217397,-759.5483302834247,1548.5632600293204,397.48317960027583,-162.12860544187265,-322.947437004511,-1184.8624766172134,1458.2629081852556,1449.8713202315598,-921.1101034783718,-262.8186907873102,96.65862259092381,449.81105645732674,1.0698689465984685,-836.2426411587012,-111.29704036736106,557.1472047223069,-88.4722160570027,-393.57709833259963,366.5363601411568,864.0154296559501,-82.03426044689056,-597.430388141359,-1043.3632284740966,1065.6100727168669,-986.8328645372762,565.492433184352,-635.9019399255806,-631.2743468124203,-663.1181720387827,-328.7120819319686],"combinedTimeSeries":[517.4064838343495,-993.3651694368668,1392.6038309634584,768.1091284895911,-423.66318964026965,204.37009550325234,160.63074086371745,966.1019000574319,1550.6815581802139,-647.3866633215207,-509.5434624160164,-900.9889981182229,509.697633524344,-19.288068379053357,863.647758740888,-312.5372081793821,-722.1813336450934,681.6932939584879,-1405.0383747582132,-1032.0356533482857,-363.640767163693,52.42479504919538,-1048.3588122255514,-981.9738094702855,-421.7942083620578,500.64508457100555,471.7328447814581,436.12446659050767,-971.8663956308009,114.1602457670121,-700.2518354280437,-905.5493649497653,407.78606612129016,438.6882361477469,250.5254827664499,-229.4330503688169,350.1388157551207,444.1540220437814,-239.29834337749327,261.8490495729599,573.4578147198772,-102.20449895492197,-829.2809378701052,-381.09897724140853,754.3109589769233,-1427.1197733165718,-990.2030665338896,266.80812481658654,95.03544411718602,133.36563150164486,79.94159782938517,-227.7805383343809,-318.8492969302346,211.26123396680794,-797.6368236630561,85.35326351954319,-174.89174017566137,107.06828532706035,-1096.4788306769128,-555.7425764467844,-317.6236254528521,-85.83066775369025,-641.3808595498784,1237.9168669516707,12.798162821499439,-284.00630976303376,992.3216343715511,-596.0969373943899,180.0512718491657,-48.12681770968675,-796.7689108982718,1555.8808755950936,328.81533887799065,-209.2127463936729,-305.9696990705291,-1206.4869053192847,1425.3209906425668,1489.5321340742776,-969.8628728211146,-243.4650956918581,196.0117584363486,377.85922546993805,25.112842626493318,-892.6720370837784,-150.71453040624652,610.0388847752465,22.39161069651388,-471.13853370626134,334.65702562403726,869.559397431521,-51.35865366759339,-648.270458059276,-1074.5582221567324,1083.0420256144535,-931.876497093436,583.1627586914584,-696.1381043651238,-584.0723924893432,-638.4199968259379,-270.3479151760011]}